{
    "FloorObj0": {
        "Pos": [
            1000.0,
            -149.6999969482422,
            55.0
        ],
        "Scale": [
            0.30000001192092896,
            0.30000001192092896,
            0.30000001192092896
        ],
        "Rota": [
            0.0,
            83.0,
            0.0
        ],
        "FilePass": 1
    },
    "FloorObj1": {
        "Pos": [
            2394.0,
            -149.5,
            380.0
        ],
        "Scale": [
            0.5,
            0.5,
            0.5
        ],
        "Rota": [
            0.0,
            88.0,
            0.0
        ],
        "FilePass": 0
    },
    "FloorObj2": {
        "Pos": [
            1797.0,
            -149.5,
            1408.0
        ],
        "Scale": [
            0.5,
            0.5,
            0.5
        ],
        "Rota": [
            0.0,
            0.0,
            0.0
        ],
        "FilePass": 0
    },
    "FloorObj3": {
        "Pos": [
            1652.0,
            -149.8000030517578,
            -191.0
        ],
        "Scale": [
            0.20000000298023224,
            0.20000000298023224,
            0.20000000298023224
        ],
        "Rota": [
            0.0,
            -121.0,
            0.0
        ],
        "FilePass": 1
    },
    "FloorObj4": {
        "Pos": [
            869.0,
            -149.60000610351563,
            1128.0
        ],
        "Scale": [
            0.4000000059604645,
            0.4000000059604645,
            0.4000000059604645
        ],
        "Rota": [
            0.0,
            0.0,
            0.0
        ],
        "FilePass": 2
    },
    "FloorObj5": {
        "Pos": [
            4301.0,
            -148.0,
            116.0
        ],
        "Scale": [
            2.0,
            2.0,
            2.0
        ],
        "Rota": [
            0.0,
            0.0,
            0.0
        ],
        "FilePass": 1
    },
    "FloorObj6": {
        "Pos": [
            1231.0,
            -149.0,
            2155.0
        ],
        "Scale": [
            0.4000000059604645,
            1.0,
            0.4000000059604645
        ],
        "Rota": [
            0.0,
            35.0,
            0.0
        ],
        "FilePass": 1
    },
    "FloorObj7": {
        "Pos": [
            1945.0,
            -149.10000610351563,
            3167.0
        ],
        "Scale": [
            0.8999999761581421,
            0.8999999761581421,
            0.8999999761581421
        ],
        "Rota": [
            0.0,
            105.0,
            0.0
        ],
        "FilePass": 0
    },
    "FloorObj8": {
        "Pos": [
            925.0,
            -149.6999969482422,
            3932.0
        ],
        "Scale": [
            0.30000001192092896,
            0.30000001192092896,
            0.30000001192092896
        ],
        "Rota": [
            0.0,
            0.0,
            0.0
        ],
        "FilePass": 2
    },
    "FloorObj9": {
        "Pos": [
            2000.0,
            -149.5,
            4696.0
        ],
        "Scale": [
            0.5,
            0.5,
            0.5
        ],
        "Rota": [
            0.0,
            0.0,
            0.0
        ],
        "FilePass": 2
    },
    "FloorObj10": {
        "Pos": [
            1200.0,
            -149.6999969482422,
            4668.0
        ],
        "Scale": [
            0.30000001192092896,
            0.30000001192092896,
            0.30000001192092896
        ],
        "Rota": [
            0.0,
            0.0,
            0.0
        ],
        "FilePass": 2
    },
    "FloorObj11": {
        "Pos": [
            4089.0,
            -149.0,
            3548.0
        ],
        "Scale": [
            1.0,
            1.0,
            1.0
        ],
        "Rota": [
            0.0,
            -40.0,
            0.0
        ],
        "FilePass": 0
    },
    "FloorObj12": {
        "Pos": [
            467.0,
            -149.6999969482422,
            2000.0
        ],
        "Scale": [
            0.30000001192092896,
            0.30000001192092896,
            0.30000001192092896
        ],
        "Rota": [
            0.0,
            56.0,
            0.0
        ],
        "FilePass": 1
    },
    "FloorObj13": {
        "Pos": [
            236.0,
            -149.8000030517578,
            3000.0
        ],
        "Scale": [
            0.20000000298023224,
            0.20000000298023224,
            0.20000000298023224
        ],
        "Rota": [
            0.0,
            0.0,
            0.0
        ],
        "FilePass": 2
    },
    "FloorObj14": {
        "Pos": [
            480.0,
            -149.6999969482422,
            3592.0
        ],
        "Scale": [
            0.30000001192092896,
            0.30000001192092896,
            0.30000001192092896
        ],
        "Rota": [
            0.0,
            0.0,
            0.0
        ],
        "FilePass": 2
    },
    "FloorObj15": {
        "Pos": [
            1248.0,
            -149.1999969482422,
            5561.0
        ],
        "Scale": [
            0.800000011920929,
            0.800000011920929,
            0.800000011920929
        ],
        "Rota": [
            0.0,
            60.0,
            0.0
        ],
        "FilePass": 1
    },
    "FloorObj16": {
        "Pos": [
            4350.0,
            -148.0,
            5658.0
        ],
        "Scale": [
            1.0,
            2.0,
            1.0
        ],
        "Rota": [
            0.0,
            0.0,
            0.0
        ],
        "FilePass": 1
    },
    "FloorObj17": {
        "Pos": [
            437.0,
            -149.5,
            7550.0
        ],
        "Scale": [
            0.5,
            0.5,
            0.5
        ],
        "Rota": [
            0.0,
            0.0,
            0.0
        ],
        "FilePass": 2
    },
    "FloorObj18": {
        "Pos": [
            2401.0,
            -149.39999389648438,
            6796.0
        ],
        "Scale": [
            0.5,
            0.6000000238418579,
            0.5
        ],
        "Rota": [
            0.0,
            297.0,
            0.0
        ],
        "FilePass": 1
    },
    "FloorObj19": {
        "Pos": [
            1927.0,
            -149.1999969482422,
            -900.0
        ],
        "Scale": [
            0.800000011920929,
            0.800000011920929,
            0.800000011920929
        ],
        "Rota": [
            0.0,
            46.0,
            0.0
        ],
        "FilePass": 0
    },
    "FloorObj20": {
        "Pos": [
            547.0,
            -149.60000610351563,
            6469.0
        ],
        "Scale": [
            1.0,
            0.4000000059604645,
            0.4000000059604645
        ],
        "Rota": [
            0.0,
            -31.0,
            0.0
        ],
        "FilePass": 1
    },
    "FloorObj21": {
        "Pos": [
            -1768.0,
            -149.5,
            -946.0
        ],
        "Scale": [
            0.5,
            0.5,
            0.5
        ],
        "Rota": [
            0.0,
            93.0,
            0.0
        ],
        "FilePass": 1
    },
    "FloorObj22": {
        "Pos": [
            -2042.0,
            -149.5,
            1167.0
        ],
        "Scale": [
            0.5,
            0.5,
            0.5
        ],
        "Rota": [
            0.0,
            -63.0,
            0.0
        ],
        "FilePass": 1
    },
    "FloorObj23": {
        "Pos": [
            -588.0,
            -149.5,
            0.0
        ],
        "Scale": [
            0.5,
            0.5,
            0.5
        ],
        "Rota": [
            0.0,
            0.0,
            0.0
        ],
        "FilePass": 0
    },
    "FloorObj24": {
        "Pos": [
            -4441.0,
            -148.0,
            0.0
        ],