{
  "Box0": {
    "Pos": [
      0.0,
      -25.0,
      0.0
    ],
    "Scale": [
      60.0,
      0.0,
      2000.0
    ],
    "Rota": [
      0.0,
      0.0,
      0.0
    ],
    "Fog": 0.0010000000474974513
  },
  "Box1": {
    "Pos": [
      140.0,
      100.0,
      0.0
    ],
    "Scale": [
      20.0,
      30.0,
      2000.0
    ],
    "Rota": [
      0.0,
      0.0,
      0.0
    ],
    "Fog": 0.0010000000474974513
  },
  "Box2": {
    "Pos": [
      240.0,
      0.0,
      0.0
    ],
    "Scale": [
      50.0,
      20.0,
      1000.0
    ],
    "Rota": [
      0.0,
      0.0,
      0.0
    ],
    "Fog": 0.004000000189989805
  },
  "Box3": {
    "Pos": [
      -140.0,
      100.0,
      0.0
    ],
    "Scale": [
      20.0,
      30.0,
      2000.0
    ],
    "Rota": [
      0.0,
      0.0,
      0.0
    ],
    "Fog": 0.0010000000474974513
  },
  "Box4": {
    "Pos": [
      -240.0,
      0.0,
      0.0
    ],
    "Scale": [
      50.0,
      20.0,
      1000.0
    ],
    "Rota": [
      0.0,
      0.0,
      0.0
    ],
    "Fog": 0.004000000189989805
  },
  "Box5": {
    "Pos": [
      -140.0,
      -100.0,
      200.0
    ],
    "Scale": [
      10.0,
      200.0,
      10.0
    ],
    "Rota": [
      0.0,
      0.0,
      0.0
    ],
    "Fog": 0.0010000000474974513
  },
  "Box6": {
    "Pos": [
      140.0,
      -100.0,
      0.0
    ],
    "Scale": [
      10.0,
      200.0,
      10.0
    ],
    "Rota": [
      0.0,
      0.0,
      0.0
    ],
    "Fog": 0.0010000000474974513
  },
  "Box7": {
    "Pos": [
      -140.0,
      -100.0,
      0.0
    ],
    "Scale": [
      10.0,
      200.0,
      10.0
    ],
    "Rota": [
      0.0,
      0.0,
      0.0
    ],
    "Fog": 0.0010000000474974513
  },
  "Box8": {
    "Pos": [
      140.0,
      -100.0,
      0.0
    ],
    "Scale": [
      10.0,
      200.0,
      10.0
    ],
    "Rota": [
      0.0,
      0.0,
      0.0
    ],
    "Fog": 0.0010000000474974513
  },
  "Box9": {
    "Pos": [
      140.0,
      -100.0,
      400.0
    ],
    "Scale": [
      10.0,
      200.0,
      10.0
    ],
    "Rota": [
      0.0,
      0.0,
      0.0
    ],
    "Fog": 0.0010000000474974513
  },
  "Box10": {
    "Pos": [
      -140.0,
      -100.0,
      400.0
    ],
    "Scale": [
      10.0,
      200.0,
      10.0
    ],
    "Rota": [
      0.0,
      0.0,
      0.0
    ],
    "Fog": 0.0010000000474974513
  },
  "Box11": {
    "Pos": [
      140.0,
      -100.0,
      200.0
    ],
    "Scale": [
      10.0,
      200.0,
      10.0
    ],
    "Rota": [
      0.0,
      0.0,
      0.0
    ],
    "Fog": 0.0010000000474974513
  },
  "Box12": {
    "Pos": [
      140.0,
      0.0,
      600.0
    ],
    "Scale": [
      10.0,
      100.0,
      10.0
    ],
    "Rota": [
      0.0,
      0.0,
      0.0
    ],
    "Fog": 0.0010000000474974513
  },
  "Box13": {
    "Pos": [
      -140.0,
      0.0,
      600.0
    ],
    "Scale": [
      10.0,
      100.0,
      10.0
    ],
    "Rota": [
      0.0,
      0.0,
      0.0
    ],
    "Fog": 0.0010000000474974513
  },
  "Box14": {
    "Pos": [
      140.0,
      0.0,
      800.0
    ],
    "Scale": [
      10.0,
      100.0,
      10.0
    ],
    "Rota": [
      0.0,
      0.0,
      0.0
    ],
    "Fog": 0.0010000000474974513
  },
  "Box15": {
    "Pos": [
      -140.0,
      0.0,
      800.0
    ],
    "Scale": [
      10.0,
      100.0,
      10.0
    ],
    "Rota": [
      0.0,
      0.0,
      0.0
    ],
    "Fog": 0.0010000000474974513
  },
  "Box16": {
    "Pos": [
      -240.0,
      -100.0,
      150.0
    ],
    "Scale": [
      10.0,
      100.0,
      10.0
    ],
    "Rota": [
      0.0,
      0.0,
      0.0
    ],
    "Fog": 0.004000000189989805
  },
  "Box17": {
    "Pos": [
      -240.0,
      -100.0,
      350.0
    ],
    "Scale": [
      10.0,
      100.0,
      10.0
    ],
    "Rota": [
      0.0,
      0.0,
      0.0
    ],
    "Fog": 0.004000000189989805
  },
  "Box18": {
    "Pos": [
      -240.0,
      -100.0,
      550.0
    ],
    "Scale": [
      10.0,
      100.0,
      10.0
    ],
    "Rota": [
      0.0,
      0.0,
      0.0
    ],
    "Fog": 0.004000000189989805
  },
  "Box19": {
    "Pos": [
      -240.0,
      -100.0,
      750.0
    ],
    "Scale": [
      10.0,
      100.0,
      10.0
    ],
    "Rota": [
      0.0,
      0.0,
      0.0
    ],
    "Fog": 0.004000000189989805
  },
  "Box20": {
    "Pos": [
      240.0,
      -100.0,
      150.0
    ],
    "Scale": [
      10.0,
      100.0,
      10.0
    ],
    "Rota": [
      0.0,
      0.0,
      0.0
    ],
    "Fog": 0.004000000189989805
  },
  "Box21": {
    "Pos": [
      240.0,
      -100.0,
      350.0
    ],
    "Scale": [
      10.0,
      100.0,
      10.0
    ],
    "Rota": [
      0.0,
      0.0,
      0.0
    ],
    "Fog": 0.004000000189989805
  },
  "Box22": {
    "Pos": [
      240.0,
      -100.0,
      550.0
    ],
    "Scale": [
      10.0,
      100.0,
      10.0
    ],
    "Rota": [
      0.0,
      0.0,
      0.0
    ],
    "Fog": 0.004000000189989805
  },
  "Box23": {
    "Pos": [
      240.0,
      -100.0,
      750.0
    ],
    "Scale": [
      10.0,
      100.0,
      10.0
    ],
    "Rota": [
      0.0,
      0.0,
      0.0
    ],
    "Fog": 0.004000000189989805
  },
  "Box24": {
    "Pos": [
      240.0,
      -100.0,
      750.0
    ],
    "Scale": [
      10.0,
      100.0,
      10.0
    ],
    "Rota": [
      0.0,
      0.0,
      0.0
    ],
    "Fog": 0.004000000189989805
  },
  "Box25": {
    "Pos": [
      0.0,
      0.0,
      0.0
    ],
    "Scale": [
      1.0,
      1.0,
      1.0
    ],
    "Rota": [
      0.0,
      0.0,
      0.0
    ],
    "Fog": 0.0
  },
  "Box26": {
    "Pos": [
      0.0,
      0.0,
      0.0
    ],
    "Scale": [
      1.0,
      1.0,
      1.0
    ],
    "Rota": [
      0.0,
      0.0,
      0.0
    ],
    "Fog": 0.0
  },
  "Box27": {
    "Pos": [
      0.0,
      0.0,
      0.0
    ],
    "Scale": [
      1.0,
      1.0,
      1.0
    ],
    "Rota": [
      0.0,
      0.0,
      0.0
    ],
    "Fog": 0.0
  },
  "Box28": {
    "Pos": [
      0.0,
      0.0,
      0.0
    ],
    "Scale": [
      1.0,
      1.0,
      1.0
    ],
    "Rota": [
      0.0,
      0.0,
      0.0
    ],
    "Fog": 0.0
  },
  "Box29": {
    "Pos": [
      0.0,
      0.0,
      0.0
    ],
    "Scale": [
      1.0,
      1.0,
      1.0
    ],
    "Rota": [
      0.0,
      0.0,
      0.0
    ],
    "Fog": 0.0
  },
  "Box30": {
    "Pos": [
      0.0,
      0.0,
      0.0
    ],
    "Scale": [
      1.0,
      1.0,
      1.0
    ],
    "Rota": [
      0.0,
      0.0,
      0.0
    ],
    "Fog": 0.0
  },
  "Box31": {
    "Pos": [
      0.0,
      0.0,
      0.0
    ],
    "Scale": [
      1.0,
      1.0,
      1.0
    ],
    "Rota": [
      0.0,
      0.0,
      0.0
    ],
    "Fog": 0.0
  },
  "FogColor": [
    0.21960784494876862,
    0.7058823704719543,
    0.6745098233222961
  ]
}